city,country,country_code,year,lat,lon,mean_brightness,median_brightness,max_brightness,pixel_count
Madrid,Spain,ES,2013,40.4168,-3.7038,31.44710825017108,11.488771678265168,233.34959411621097,10514
Barcelona,Spain,ES,2013,41.3851,2.1734,19.692574177113624,2.8941574345818273,305.18072509765625,10661
Paris,France,FR,2013,48.8566,2.3522,31.72520843023488,27.45019375728541,195.90481567382812,12147
Lyon,France,FR,2013,45.764,4.8357,10.68616238538673,3.4656046921219397,226.1318817138672,11475
Berlin,Germany,DE,2013,52.52,13.405,8.787159761791953,4.242936876407529,110.55889129638672,13148
Hamburg,Germany,DE,2013,53.5511,9.9937,6.580639819542619,2.446204562414858,200.41549682617188,13453
Munich,Germany,DE,2013,48.1351,11.582,4.415249358274828,0.6794923349948079,261.4201354980469,11985
Rome,Italy,IT,2013,41.9028,12.4964,18.162282287253817,8.464958984963271,163.8950653076172,10755
Milan,Italy,IT,2013,45.4642,9.19,21.17171385386321,14.504680788159996,236.3074188232422,11411
Naples,Italy,IT,2013,40.8518,14.2681,14.240778602439594,5.496685947691741,205.82470703125,10571
Amsterdam,Netherlands,NL,2013,52.3676,4.9041,12.811043619240191,2.6053978134829605,1729.307861328125,13101
Rotterdam,Netherlands,NL,2013,51.9244,4.4777,71.94540207489236,18.085106632861095,16522.5703125,12962
Brussels,Belgium,BE,2013,50.8503,4.3517,11.658381111981916,6.467113465189291,158.56387329101562,12665
Vienna,Austria,AT,2013,48.2082,16.3738,5.623407465436934,1.4157878161899384,167.2079315185547,12011
Prague,Czech Republic,CZ,2013,50.0755,14.4378,7.098452209799242,2.4595457499622664,136.43133544921875,12460
Warsaw,Poland,PL,2013,52.2297,21.0122,14.777515528399665,6.493042826302633,236.8345642089844,13043
Budapest,Hungary,HU,2013,47.4979,19.0402,8.086930473846929,2.7382219518826143,125.37958526611328,11847
Copenhagen,Denmark,DK,2013,55.6761,12.5683,4.309673652344273,0.0044721949061142,113.17952728271484,14179
Stockholm,Sweden,SE,2013,59.3293,18.0686,13.912600931577138,5.722068506710219,590.9270629882812,15670
Oslo,Norway,NO,2013,59.9139,10.7522,10.39575626453567,3.498311938059154,241.6997985839844,15931
Helsinki,Finland,FI,2013,60.1699,24.9384,14.695108398080087,2.4652548742705087,213.1481781005859,16060
Lisbon,Portugal,PT,2013,38.7223,-9.1393,20.462932114472785,6.482619048998668,197.46739196777344,10245
Porto,Portugal,PT,2013,41.1579,-8.6291,12.089561866953009,4.495487417626315,131.3865509033203,10621
Athens,Greece,GR,2013,37.9838,23.7275,17.80815653019247,4.470579405838343,222.04595947265625,10152
Dublin,Ireland,IE,2013,53.3498,-6.2603,6.716243424645396,1.425630864314057,157.5485382080078,13398
Bucharest,Romania,RO,2013,44.4268,26.1025,7.1791843066538945,1.4335572897844002,218.4299468994141,11205
Sofia,Bulgaria,BG,2013,42.6977,23.3219,4.0921542948462735,0.238464108175863,134.892822265625,10885
Zagreb,Croatia,HR,2013,45.815,15.9819,8.108203391406402,3.455931657250294,131.26544189453125,11476
Tallinn,Estonia,EE,2013,59.437,24.7536,5.172847157226422,0.1090873679065902,175.70834350585938,15717
Riga,Latvia,LV,2013,56.9496,24.1052,4.70189888822552,0.1604763107351576,149.10047912597656,14647
Madrid,Spain,ES,2014,40.4168,-3.7038,30.66185502992597,11.455034807887424,190.10150146484375,10514
Barcelona,Spain,ES,2014,41.3851,2.1734,18.95762340550237,2.912886884007713,294.0947265625,10661
Paris,France,FR,2014,48.8566,2.3522,32.28938547065129,28.499668475347256,254.82833862304688,12147
Lyon,France,FR,2014,45.764,4.8357,10.633993851644718,3.4757569981296372,195.6879425048828,11475
Berlin,Germany,DE,2014,52.52,13.405,8.060206845713108,3.4757695877015893,157.6066131591797,13148
Hamburg,Germany,DE,2014,53.5511,9.9937,6.159759538946834,1.4060229020855683,181.25624084472656,13453
Munich,Germany,DE,2014,48.1351,11.582,4.229850756841604,1.4209976816127554,231.58299255371097,11985
Rome,Italy,IT,2014,41.9028,12.4964,17.94456131336924,8.476823977996052,179.14073181152344,10755
Milan,Italy,IT,2014,45.4642,9.19,19.997396228545597,14.477820256713514,176.1581268310547,11411
Naples,Italy,IT,2014,40.8518,14.2681,14.455418204793368,6.495696240906142,210.6055145263672,10571
Amsterdam,Netherlands,NL,2014,52.3676,4.9041,12.525683292539805,4.247372828158529,2154.014404296875,13101
Rotterdam,Netherlands,NL,2014,51.9244,4.4777,71.00246777982069,18.634707431154435,19508.052734375,12962
Brussels,Belgium,BE,2014,50.8503,4.3517,12.0596490992947,6.494238261710356,199.7820587158203,12665
Vienna,Austria,AT,2014,48.2082,16.3738,6.046856357008913,1.4166946264609852,186.69845581054688,12011
Prague,Czech Republic,CZ,2014,50.0755,14.4378,7.107212759802336,2.234713802102154,127.4056625366211,12460
Warsaw,Poland,PL,2014,52.2297,21.0122,13.19991206181084,5.481116699523778,225.5839385986328,13043
Budapest,Hungary,HU,2014,47.4979,19.0402,7.822292340417459,2.463702260655908,142.93397521972656,11847
Copenhagen,Denmark,DK,2014,55.6761,12.5683,4.356192637135353,0.0019157161720513,105.3934555053711,14179
Stockholm,Sweden,SE,2014,59.3293,18.0686,12.418205994221449,1.48879176458929,765.0855102539062,15670
Oslo,Norway,NO,2014,59.9139,10.7522,8.374610953255027,0.1144573432432608,346.9372863769531,15931
Helsinki,Finland,FI,2014,60.1699,24.9384,12.159868210744202,1.4648922805745823,241.34471130371097,16060
Lisbon,Portugal,PT,2014,38.7223,-9.1393,20.18296471309012,6.478038741809166,170.12449645996094,10245
Porto,Portugal,PT,2014,41.1579,-8.6291,12.262335611108217,4.495030110791402,144.0466766357422,10621
Athens,Greece,GR,2014,37.9838,23.7275,17.65967027756767,4.886696341404226,281.2422180175781,10152
Dublin,Ireland,IE,2014,53.3498,-6.2603,7.640538210644947,1.416547112121742,151.55860900878906,13398
Bucharest,Romania,RO,2014,44.4268,26.1025,7.302036542500232,1.427655576306048,179.8977813720703,11205
Sofia,Bulgaria,BG,2014,42.6977,23.3219,4.0815081402234705,0.7436577314775104,114.35476684570312,10885
Zagreb,Croatia,HR,2014,45.815,15.9819,8.578123377533126,2.451735951434589,142.04823303222656,11476
Tallinn,Estonia,EE,2014,59.437,24.7536,4.045066977763332,0.1213643384923776,135.27552795410156,15717
Riga,Latvia,LV,2014,56.9496,24.1052,3.8593288905481966,0.1471287386928899,229.0720672607422,14647
Madrid,Spain,ES,2015,40.4168,-3.7038,26.171002069101025,10.509905453726338,196.0336151123047,10514
Barcelona,Spain,ES,2015,41.3851,2.1734,18.563546706406584,2.921204698439883,259.5339660644531,10661
Paris,France,FR,2015,48.8566,2.3522,33.77185217104467,29.496872773737344,255.9061279296875,12147
Lyon,France,FR,2015,45.764,4.8357,10.134423595614036,3.481342726756244,245.60043334960935,11475
Berlin,Germany,DE,2015,52.52,13.405,8.150694001814525,3.4776697786638735,151.1832275390625,13148
Hamburg,Germany,DE,2015,53.5511,9.9937,6.219166811456463,1.407347310010965,174.11900329589844,13453
Munich,Germany,DE,2015,48.1351,11.582,4.278402660395822,1.4194342179409185,211.0967712402344,11985
Rome,Italy,IT,2015,41.9028,12.4964,17.81014908422642,8.504197840014054,185.18588256835935,10755
Milan,Italy,IT,2015,45.4642,9.19,19.274624658541537,14.521506519456988,210.2626953125,11411
Naples,Italy,IT,2015,40.8518,14.2681,14.411426624301049,6.489320794043896,189.1475372314453,10571
Amsterdam,Netherlands,NL,2015,52.3676,4.9041,12.013433157469168,2.52831025840913,1925.0196533203125,13101
Rotterdam,Netherlands,NL,2015,51.9244,4.4777,65.53638034227875,14.726731758124458,15102.14453125,12962
Brussels,Belgium,BE,2015,50.8503,4.3517,11.712803818486652,6.493406137655028,247.24163818359375,12665
Vienna,Austria,AT,2015,48.2082,16.3738,5.940791789915105,1.4180391007934845,179.21998596191406,12011
Prague,Czech Republic,CZ,2015,50.0755,14.4378,7.112816223029014,2.4560595445107873,132.485107421875,12460
Warsaw,Poland,PL,2015,52.2297,21.0122,12.192906379738156,5.49321050608729,214.7471923828125,13043
Budapest,Hungary,HU,2015,47.4979,19.0402,7.631263101219378,2.4651332643998267,130.4945831298828,11847
Copenhagen,Denmark,DK,2015,55.6761,12.5683,4.000023749253462,0.0034606395492869,98.15447998046876,14179
Stockholm,Sweden,SE,2015,59.3293,18.0686,12.093963043181915,1.3731691689468877,823.060302734375,15670
Oslo,Norway,NO,2015,59.9139,10.7522,7.570921349255013,0.2226694558900699,362.6361083984375,15931
Helsinki,Finland,FI,2015,60.1699,24.9384,9.070681609789649,1.4867146778801383,186.6190643310547,16060
Lisbon,Portugal,PT,2015,38.7223,-9.1393,19.790415796050883,6.517533464067279,181.17811584472656,10245
Porto,Portugal,PT,2015,41.1579,-8.6291,12.266963478409082,4.506009661161406,134.3808135986328,10621
Athens,Greece,GR,2015,37.9838,23.7275,17.694209154728547,4.917769485639736,295.0792541503906,10152
Dublin,Ireland,IE,2015,53.3498,-6.2603,7.640322050885284,1.4249507780742343,148.45907592773438,13398
Bucharest,Romania,RO,2015,44.4268,26.1025,7.362938391689798,1.4328970469238986,195.9148101806641,11205
Sofia,Bulgaria,BG,2015,42.6977,23.3219,4.229626924017211,0.7306903198907487,127.30631256103516,10885
Zagreb,Croatia,HR,2015,45.815,15.9819,8.212837659106286,2.4576962887676492,140.27713012695312,11476
Tallinn,Estonia,EE,2015,59.437,24.7536,3.675135501147941,0.1230653111070712,165.1075897216797,15717
Riga,Latvia,LV,2015,56.9496,24.1052,3.5717081661325643,0.3446594258701085,453.5747375488281,14647
Madrid,Spain,ES,2016,40.4168,-3.7038,25.411966390016858,10.532346895160414,191.79042053222656,10514
Barcelona,Spain,ES,2016,41.3851,2.1734,18.529180641276824,2.906409246953176,284.7420959472656,10661
Paris,France,FR,2016,48.8566,2.3522,32.676582278677145,29.056098000841615,288.72247314453125,12147
Lyon,France,FR,2016,45.764,4.8357,10.253023541639582,3.4710398529990725,188.4351501464844,11475
Berlin,Germany,DE,2016,52.52,13.405,8.065124848863611,3.48006546672061,159.02037048339844,13148
Hamburg,Germany,DE,2016,53.5511,9.9937,6.181838714302784,1.4084414362142263,178.6501922607422,13453
Munich,Germany,DE,2016,48.1351,11.582,4.09823146723687,1.4236032758892867,184.58213806152344,11985
Rome,Italy,IT,2016,41.9028,12.4964,17.9480333980831,8.452691695278261,189.18826293945312,10755
Milan,Italy,IT,2016,45.4642,9.19,19.637133270954585,14.500921030169833,152.02658081054688,11411
Naples,Italy,IT,2016,40.8518,14.2681,14.440720411967373,5.5162538272876604,182.3865203857422,10571
Amsterdam,Netherlands,NL,2016,52.3676,4.9041,12.114736233814297,4.188029354718055,2255.6337890625,13101
Rotterdam,Netherlands,NL,2016,51.9244,4.4777,66.8353721458528,14.438091875949503,13806.73828125,12962
Brussels,Belgium,BE,2016,50.8503,4.3517,11.951317100687332,5.488288067688521,240.35499572753903,12665
Vienna,Austria,AT,2016,48.2082,16.3738,6.126949064677833,1.410179230013308,172.071533203125,12011
Prague,Czech Republic,CZ,2016,50.0755,14.4378,7.162194106829891,2.2419127827464607,125.37398529052734,12460
Warsaw,Poland,PL,2016,52.2297,21.0122,12.172510664158311,5.479240085093313,206.5521240234375,13043
Budapest,Hungary,HU,2016,47.4979,19.0402,8.093854704853126,2.464348379540638,133.8020477294922,11847
Copenhagen,Denmark,DK,2016,55.6761,12.5683,4.167754922217357,0.0826378770074406,128.33677673339844,14179
Stockholm,Sweden,SE,2016,59.3293,18.0686,14.41211041630022,5.6889572912800705,785.3367919921875,15670
Oslo,Norway,NO,2016,59.9139,10.7522,9.021034157336617,0.1872429897436229,506.6890563964844,15931
Helsinki,Finland,FI,2016,60.1699,24.9384,11.082858998937574,1.45837285077716,197.5645294189453,16060
Lisbon,Portugal,PT,2016,38.7223,-9.1393,20.141678683305475,6.468805416864116,181.39031982421875,10245
Porto,Portugal,PT,2016,41.1579,-8.6291,12.384517818076931,4.476479060872198,158.05941772460938,10621
Athens,Greece,GR,2016,37.9838,23.7275,17.689860391702727,4.468533453643272,236.36013793945312,10152
Dublin,Ireland,IE,2016,53.3498,-6.2603,7.316289570895124,1.4220048259789462,184.9695281982422,13398
Bucharest,Romania,RO,2016,44.4268,26.1025,7.430862837581234,1.4295558844777108,182.4958343505859,11205
Sofia,Bulgaria,BG,2016,42.6977,23.3219,4.469348048866054,0.7432385141514144,124.81180572509766,10885
Zagreb,Croatia,HR,2016,45.815,15.9819,8.113210564677887,2.4597721937531816,150.12271118164062,11476
Tallinn,Estonia,EE,2016,59.437,24.7536,4.805112061851102,0.1168330113528419,176.5938720703125,15717
Riga,Latvia,LV,2016,56.9496,24.1052,4.382975200465688,0.6614786515117227,608.7337646484375,14647
Madrid,Spain,ES,2017,40.4168,-3.7038,25.825508113539367,11.477000293206652,197.58119201660156,10514
Barcelona,Spain,ES,2017,41.3851,2.1734,18.391467591292987,2.874386356244454,258.5457763671875,10661
Paris,France,FR,2017,48.8566,2.3522,31.641598741090583,28.98052602747087,257.8949279785156,12147
Lyon,France,FR,2017,45.764,4.8357,10.220517905570013,3.483725173277362,183.32806396484375,11475
Berlin,Germany,DE,2017,52.52,13.405,8.18228001737127,3.4738664909034447,163.3225860595703,13148
Hamburg,Germany,DE,2017,53.5511,9.9937,6.01177119971223,2.4374776421345947,145.80368041992188,13453
Munich,Germany,DE,2017,48.1351,11.582,4.456764472227063,1.426710156346535,234.56202697753903,11985
Rome,Italy,IT,2017,41.9028,12.4964,16.384672015217948,8.48183663450828,199.7171173095703,10755
Milan,Italy,IT,2017,45.4642,9.19,20.02683296658465,15.486093804933,156.43600463867188,11411
Naples,Italy,IT,2017,40.8518,14.2681,14.989070002954476,6.5075602024448775,197.31320190429688,10571
Amsterdam,Netherlands,NL,2017,52.3676,4.9041,11.610667776025004,2.6702950214247556,1844.814208984375,13101
Rotterdam,Netherlands,NL,2017,51.9244,4.4777,64.81331262829497,15.217341732254884,13822.5546875,12962
Brussels,Belgium,BE,2017,50.8503,4.3517,11.54604407739807,6.464395490826554,178.78463745117188,12665
Vienna,Austria,AT,2017,48.2082,16.3738,6.4155790334797045,1.4087525946040211,188.0211181640625,12011
Prague,Czech Republic,CZ,2017,50.0755,14.4378,7.429054648658058,2.4674715820799045,136.6052703857422,12460
Warsaw,Poland,PL,2017,52.2297,21.0122,12.131675166623609,5.485013291140104,201.77587890625,13043
Budapest,Hungary,HU,2017,47.4979,19.0402,8.520761232468494,3.47551959533664,146.1722412109375,11847
Copenhagen,Denmark,DK,2017,55.6761,12.5683,4.098484246763159,0.3143585941094627,257.9037170410156,14179
Stockholm,Sweden,SE,2017,59.3293,18.0686,12.157892825658498,5.69880975035445,792.3508911132812,15670
Oslo,Norway,NO,2017,59.9139,10.7522,10.096725134109317,2.5242353956927386,211.39352416992188,15931
Helsinki,Finland,FI,2017,60.1699,24.9384,11.196962696438286,1.5678682959049937,173.3420867919922,16060
Lisbon,Portugal,PT,2017,38.7223,-9.1393,19.804016613324304,6.4847579668528255,172.74258422851562,10245
Porto,Portugal,PT,2017,41.1579,-8.6291,12.021728168054636,4.465221655057468,128.69053649902344,10621
Athens,Greece,GR,2017,37.9838,23.7275,18.462524033542312,4.903614527514426,302.1065673828125,10152
Dublin,Ireland,IE,2017,53.3498,-6.2603,7.171967932906468,1.4558918062464614,159.0626220703125,13398
Bucharest,Romania,RO,2017,44.4268,26.1025,8.011533151749266,2.4406581856332688,183.90737915039065,11205
Sofia,Bulgaria,BG,2017,42.6977,23.3219,4.933962806743875,1.4114576806810302,131.36801147460938,10885
Zagreb,Croatia,HR,2017,45.815,15.9819,8.291958395033394,2.449597382531659,150.93331909179688,11476
Tallinn,Estonia,EE,2017,59.437,24.7536,4.195771471106509,0.1001709599584621,164.72584533691406,15717
Riga,Latvia,LV,2017,56.9496,24.1052,4.291919283840913,1.1850308273506065,1176.4923095703125,14647
Madrid,Spain,ES,2018,40.4168,-3.7038,25.51205049146389,11.480845244761827,185.6009979248047,10514
Barcelona,Spain,ES,2018,41.3851,2.1734,18.34687319064644,3.497080379471051,252.3773193359375,10661
Paris,France,FR,2018,48.8566,2.3522,33.76747324998326,28.987204691450525,303.4508972167969,12147
Lyon,France,FR,2018,45.764,4.8357,10.09207677350261,3.4740736081642165,191.2272186279297,11475
Berlin,Germany,DE,2018,52.52,13.405,8.688033332036062,4.495250288696094,145.98484802246094,13148
Hamburg,Germany,DE,2018,53.5511,9.9937,6.8146999573999985,2.4528477456393074,176.9530487060547,13453
Munich,Germany,DE,2018,48.1351,11.582,4.69206681378294,1.4288303620196352,213.3854827880859,11985
Rome,Italy,IT,2018,41.9028,12.4964,15.266857517593351,8.493020546605221,191.8853454589844,10755
Milan,Italy,IT,2018,45.4642,9.19,19.81652219339884,15.52125493085013,141.34315490722656,11411
Naples,Italy,IT,2018,40.8518,14.2681,14.812181239763502,6.499817195947037,163.44036865234375,10571
Amsterdam,Netherlands,NL,2018,52.3676,4.9041,11.73940933445914,2.5924298802042167,1999.146240234375,13101
Rotterdam,Netherlands,NL,2018,51.9244,4.4777,61.88213390341441,14.711242763235475,13164.9921875,12962
Brussels,Belgium,BE,2018,50.8503,4.3517,11.96682404943732,6.45224245527272,206.63978576660156,12665
Vienna,Austria,AT,2018,48.2082,16.3738,6.503967487838547,1.415471106299806,188.3210296630859,12011
Prague,Czech Republic,CZ,2018,50.0755,14.4378,7.675029399838401,2.453360208815535,129.7804718017578,12460
Warsaw,Poland,PL,2018,52.2297,21.0122,13.484259959027442,6.489839971870158,194.2339782714844,13043
Budapest,Hungary,HU,2018,47.4979,19.0402,8.83323280813571,3.458354609771725,240.2088165283203,11847
Copenhagen,Denmark,DK,2018,55.6761,12.5683,4.607313210446125,0.0317465853110768,238.3589782714844,14179
Stockholm,Sweden,SE,2018,59.3293,18.0686,15.26090881598954,5.664160622235858,691.9150390625,15670
Oslo,Norway,NO,2018,59.9139,10.7522,12.244372614212883,3.033468751870952,499.9074401855469,15931
Helsinki,Finland,FI,2018,60.1699,24.9384,13.299291160791029,2.461565973142174,219.0518035888672,16060
Lisbon,Portugal,PT,2018,38.7223,-9.1393,19.161001926468145,6.480722125974781,174.08358764648438,10245
Porto,Portugal,PT,2018,41.1579,-8.6291,11.313255742490108,4.460851137346966,132.10264587402344,10621
Athens,Greece,GR,2018,37.9838,23.7275,18.77136151513129,4.921816126712601,276.52508544921875,10152
Dublin,Ireland,IE,2018,53.3498,-6.2603,7.284624581524963,1.474930950440808,228.54653930664065,13398
Bucharest,Romania,RO,2018,44.4268,26.1025,8.014454603767513,2.427442354843371,181.86050415039065,11205
Sofia,Bulgaria,BG,2018,42.6977,23.3219,4.7637392110169285,1.4158992868698723,138.94607543945312,10885
Zagreb,Croatia,HR,2018,45.815,15.9819,8.054795336008583,2.45089874966887,148.31228637695312,11476
Tallinn,Estonia,EE,2018,59.437,24.7536,6.230604231465481,0.0690700660826239,220.86068725585935,15717
Riga,Latvia,LV,2018,56.9496,24.1052,5.1545693147626235,1.2301660485870525,1116.8028564453125,14647
Madrid,Spain,ES,2019,40.4168,-3.7038,25.4571958013353,10.5077865544431,191.08982849121097,10514
Barcelona,Spain,ES,2019,41.3851,2.1734,18.686414906800888,4.897573093959371,300.1515808105469,10661
Paris,France,FR,2019,48.8566,2.3522,31.5911390098231,26.940279304144436,292.13165283203125,12147
Lyon,France,FR,2019,45.764,4.8357,9.810480701450164,3.4450650265478213,158.57196044921875,11475
Berlin,Germany,DE,2019,52.52,13.405,8.474160874012265,4.482005676042449,146.58302307128906,13148
Hamburg,Germany,DE,2019,53.5511,9.9937,6.534265128866795,2.8147261231804475,424.888427734375,13453
Munich,Germany,DE,2019,48.1351,11.582,4.631565924734456,1.4308517768327471,147.1907196044922,11985
Rome,Italy,IT,2019,41.9028,12.4964,15.28785365798491,8.535922104681868,183.75064086914065,10755
Milan,Italy,IT,2019,45.4642,9.19,20.44563361754306,15.513385197594392,157.3029327392578,11411
Naples,Italy,IT,2019,40.8518,14.2681,15.250459383197343,6.506602339086425,163.1600799560547,10571
Amsterdam,Netherlands,NL,2019,52.3676,4.9041,11.136729981758764,2.693865609807088,1217.859375,13101
Rotterdam,Netherlands,NL,2019,51.9244,4.4777,59.99047159601249,15.120839350448156,10591.6767578125,12962
Brussels,Belgium,BE,2019,50.8503,4.3517,11.873009298561271,6.466624333622304,216.3905334472656,12665
Vienna,Austria,AT,2019,48.2082,16.3738,6.597839906039193,1.4215867410184702,174.9507598876953,12011
Prague,Czech Republic,CZ,2019,50.0755,14.4378,7.881837227550216,2.450430869697703,233.63897705078125,12460
Warsaw,Poland,PL,2019,52.2297,21.0122,13.496038570594235,6.48898190337156,201.2209625244141,13043
Budapest,Hungary,HU,2019,47.4979,19.0402,8.997772891683248,3.477333588933581,145.96835327148438,11847
Copenhagen,Denmark,DK,2019,55.6761,12.5683,4.310492780312831,0.0247524439502749,149.4930419921875,14179
Stockholm,Sweden,SE,2019,59.3293,18.0686,14.907731349338556,5.7120113264956,684.6163330078125,15670
Oslo,Norway,NO,2019,59.9139,10.7522,10.901914959114828,0.6874845230970721,593.760498046875,15931
Helsinki,Finland,FI,2019,60.1699,24.9384,12.15829287700878,1.5848738455016165,210.1514434814453,16060
Lisbon,Portugal,PT,2019,38.7223,-9.1393,18.955128774322304,6.4529048728027565,174.40530395507812,10245
Porto,Portugal,PT,2019,41.1579,-8.6291,11.247869051994964,4.467964937690042,134.14552307128906,10621
Athens,Greece,GR,2019,37.9838,23.7275,19.3822842131247,4.876653409409612,274.85498046875,10152
Dublin,Ireland,IE,2019,53.3498,-6.2603,7.073515702373755,1.4952646159416334,186.59844970703125,13398
Bucharest,Romania,RO,2019,44.4268,26.1025,8.147304711952106,2.442526165719855,153.5391845703125,11205
Sofia,Bulgaria,BG,2019,42.6977,23.3219,4.87084254345418,1.4106301389722455,147.79913330078125,10885
Zagreb,Croatia,HR,2019,45.815,15.9819,7.964284941613346,2.450067696098305,168.00344848632812,11476
Tallinn,Estonia,EE,2019,59.437,24.7536,5.559596333817803,0.0836654948540728,195.78048706054688,15717
Riga,Latvia,LV,2019,56.9496,24.1052,5.528323232861837,1.359862836956529,1168.165283203125,14647
Madrid,Spain,ES,2020,40.4168,-3.7038,25.094002601302737,10.505409889600497,189.70130920410156,10514
Barcelona,Spain,ES,2020,41.3851,2.1734,18.003572698968387,4.917088896293895,262.9671325683594,10661
Paris,France,FR,2020,48.8566,2.3522,31.192651775924077,26.96465962056439,281.4209899902344,12147
Lyon,France,FR,2020,45.764,4.8357,9.428484692693395,3.243731942182285,126.46499633789062,11475
Berlin,Germany,DE,2020,52.52,13.405,8.820657066266717,4.497389373430462,146.38491821289062,13148
Hamburg,Germany,DE,2020,53.5511,9.9937,6.552644369498858,2.448604843746867,185.8454437255859,13453
Munich,Germany,DE,2020,48.1351,11.582,4.618428432249047,1.4083912114356447,131.6461639404297,11985
Rome,Italy,IT,2020,41.9028,12.4964,15.421248327620184,8.510861328627971,168.2137908935547,10755
Milan,Italy,IT,2020,45.4642,9.19,19.581746864495983,15.505734088126392,154.1564178466797,11411
Naples,Italy,IT,2020,40.8518,14.2681,15.402927011762689,6.487554880073385,151.31736755371094,10571
Amsterdam,Netherlands,NL,2020,52.3676,4.9041,11.389503715786423,2.68022791676398,1160.1597900390625,13101
Rotterdam,Netherlands,NL,2020,51.9244,4.4777,53.98985482235769,14.622811217219224,11016.0751953125,12962
Brussels,Belgium,BE,2020,50.8503,4.3517,11.76639426350867,5.482271518788764,200.7439727783203,12665
Vienna,Austria,AT,2020,48.2082,16.3738,6.404672568157803,1.7299170445455263,111.41854858398438,12011
Prague,Czech Republic,CZ,2020,50.0755,14.4378,7.7449022997643135,2.445632839418623,172.61239624023438,12460
Warsaw,Poland,PL,2020,52.2297,21.0122,13.01470531409773,5.455031240622689,180.6712951660156,13043
Budapest,Hungary,HU,2020,47.4979,19.0402,8.655378191618523,3.4649843121818167,129.79544067382812,11847
Copenhagen,Denmark,DK,2020,55.6761,12.5683,4.499896887635482,0.8591755244636791,122.71585845947266,14179
Stockholm,Sweden,SE,2020,59.3293,18.0686,11.93718445246746,5.718632225610144,654.6780395507812,15670
Oslo,Norway,NO,2020,59.9139,10.7522,7.12802913965279,0.6313049119865305,528.7250366210938,15931
Helsinki,Finland,FI,2020,60.1699,24.9384,9.28314923470124,1.5363194598345056,206.5967559814453,16060
Lisbon,Portugal,PT,2020,38.7223,-9.1393,17.72695738975861,6.461997022911963,173.6192169189453,10245
Porto,Portugal,PT,2020,41.1579,-8.6291,9.99844076154261,4.243291328174764,123.7966766357422,10621
Athens,Greece,GR,2020,37.9838,23.7275,19.787410356093083,5.493625338750233,240.13995361328125,10152
Dublin,Ireland,IE,2020,53.3498,-6.2603,7.11559078592508,1.470848273403901,199.00970458984375,13398
Bucharest,Romania,RO,2020,44.4268,26.1025,8.637486816489979,2.4433119406839783,164.22169494628906,11205
Sofia,Bulgaria,BG,2020,42.6977,23.3219,4.961434752822557,1.4202275351595106,135.58358764648438,10885
Zagreb,Croatia,HR,2020,45.815,15.9819,7.237058955391551,2.4478846814262125,137.99423217773438,11476
Tallinn,Estonia,EE,2020,59.437,24.7536,4.751976731112193,0.0965757098858295,197.88803100585935,15717
Riga,Latvia,LV,2020,56.9496,24.1052,4.446358110038387,0.7842844514104375,832.0755615234375,14647
Madrid,Spain,ES,2021,40.4168,-3.7038,26.746641563370357,11.49611404621076,196.9200897216797,10514
Barcelona,Spain,ES,2021,41.3851,2.1734,18.07471884415006,4.497212269510514,232.74017333984375,10661
Paris,France,FR,2021,48.8566,2.3522,31.24524951338543,27.07436319337423,285.2581787109375,12147
Lyon,France,FR,2021,45.764,4.8357,8.823038504121033,3.23619525539966,112.53181457519533,11475
Berlin,Germany,DE,2021,52.52,13.405,8.812265715988254,4.479330642348644,128.4848175048828,13148
Hamburg,Germany,DE,2021,53.5511,9.9937,6.769890179852461,2.4433747270580217,204.21334838867188,13453
Munich,Germany,DE,2021,48.1351,11.582,4.940556449164186,1.427094745333557,223.8885803222656,11985
Rome,Italy,IT,2021,41.9028,12.4964,15.725046836796269,8.479594537628085,157.3225555419922,10755
Milan,Italy,IT,2021,45.4642,9.19,20.12362404886682,15.502765103759772,152.12315368652344,11411
Naples,Italy,IT,2021,40.8518,14.2681,15.849192169445494,7.5213993739547265,152.617919921875,10571
Amsterdam,Netherlands,NL,2021,52.3676,4.9041,10.44810881500416,5.704663919015009,577.7021484375,13101
Rotterdam,Netherlands,NL,2021,51.9244,4.4777,53.89931859010131,15.117275857173516,13797.1142578125,12962
Brussels,Belgium,BE,2021,50.8503,4.3517,11.816199778078245,5.464230094024188,207.5700225830078,12665
Vienna,Austria,AT,2021,48.2082,16.3738,6.898903455501936,2.451308181006813,147.69662475585938,12011
Prague,Czech Republic,CZ,2021,50.0755,14.4378,8.251647707945342,3.464947221256933,159.4019317626953,12460
Warsaw,Poland,PL,2021,52.2297,21.0122,15.122056014502148,7.47904203478328,180.32034301757812,13043
Budapest,Hungary,HU,2021,47.4979,19.0402,9.438311750183292,3.4707741578883096,186.4484100341797,11847
Copenhagen,Denmark,DK,2021,55.6761,12.5683,5.088564248740579,0.3248761057266711,280.20880126953125,14179
Stockholm,Sweden,SE,2021,59.3293,18.0686,19.8749692488754,6.934556675797591,509.1029968261719,15670
Oslo,Norway,NO,2021,59.9139,10.7522,10.38031804707177,0.5965181845176063,559.5626831054688,15931
Helsinki,Finland,FI,2021,60.1699,24.9384,16.44617877632144,2.9016164211617883,278.6350402832031,16060
Lisbon,Portugal,PT,2021,38.7223,-9.1393,17.71533871103709,6.484048939840533,169.9878387451172,10245
Porto,Portugal,PT,2021,41.1579,-8.6291,9.622873981887322,4.488485867988615,135.35887145996094,10621
Athens,Greece,GR,2021,37.9838,23.7275,20.07668524856323,6.889814790918283,268.60943603515625,10152
Dublin,Ireland,IE,2021,53.3498,-6.2603,7.0965479226453345,1.489806829793792,151.35023498535156,13398
Bucharest,Romania,RO,2021,44.4268,26.1025,8.861245273556136,2.4544841121853795,208.3203582763672,11205
Sofia,Bulgaria,BG,2021,42.6977,23.3219,5.540631618487507,1.4255909084431324,144.8965606689453,10885
Zagreb,Croatia,HR,2021,45.815,15.9819,7.479843214275314,2.4472141057674945,143.537841796875,11476
Tallinn,Estonia,EE,2021,59.437,24.7536,7.185142569773063,0.4658004117817689,263.6233825683594,15717
Riga,Latvia,LV,2021,56.9496,24.1052,7.43295879918147,0.8607176951164527,866.3284301757812,14647
Madrid,Spain,ES,2022,40.4168,-3.7038,25.8764546071332,10.942655235739007,291.8945007324219,10514
Barcelona,Spain,ES,2022,41.3851,2.1734,17.796990328416218,3.5040713490240307,242.83155822753903,10661
Paris,France,FR,2022,48.8566,2.3522,29.88994957852189,25.00082517702577,329.0354919433594,12147
Lyon,France,FR,2022,45.764,4.8357,8.915861112283341,2.449000885575193,158.7778778076172,11475
Berlin,Germany,DE,2022,52.52,13.405,8.605208989431967,4.4866390152600095,191.6278839111328,13148
Hamburg,Germany,DE,2022,53.5511,9.9937,6.552213568859738,2.445986108460954,162.80702209472656,13453
Munich,Germany,DE,2022,48.1351,11.582,4.720228153262181,1.4114322787226128,163.25486755371094,11985
Rome,Italy,IT,2022,41.9028,12.4964,15.67325659165704,8.47625394077623,160.3192138671875,10755
Milan,Italy,IT,2022,45.4642,9.19,19.379403062789073,14.502978412765502,151.85638427734375,11411
Naples,Italy,IT,2022,40.8518,14.2681,16.075181942099036,7.453796099284236,131.92681884765625,10571
Amsterdam,Netherlands,NL,2022,52.3676,4.9041,9.00301006057671,3.4640777123561945,226.15187072753903,13101
Rotterdam,Netherlands,NL,2022,51.9244,4.4777,25.94860293296657,9.811186482230616,4551.4140625,12962
Brussels,Belgium,BE,2022,50.8503,4.3517,10.781883699768484,5.479135810326735,184.5246124267578,12665
Vienna,Austria,AT,2022,48.2082,16.3738,6.377425707011583,2.4496701989961003,129.60693359375,12011
Prague,Czech Republic,CZ,2022,50.0755,14.4378,7.634420995372066,2.450370603718675,159.04342651367188,12460
Warsaw,Poland,PL,2022,52.2297,21.0122,13.541374321018957,6.474537401919401,224.5833282470703,13043
Budapest,Hungary,HU,2022,47.4979,19.0402,8.9456416411285,3.4873459382520817,143.11074829101562,11847
Copenhagen,Denmark,DK,2022,55.6761,12.5683,4.614507524802783,0.029129069400872,128.07289123535156,14179
Stockholm,Sweden,SE,2022,59.3293,18.0686,14.19550039518376,4.8874694843848445,486.6238708496094,15670
Oslo,Norway,NO,2022,59.9139,10.7522,8.584698800652085,0.648825618085366,539.437255859375,15931
Helsinki,Finland,FI,2022,60.1699,24.9384,17.088393152980156,2.917116422837162,273.0723571777344,16060
Lisbon,Portugal,PT,2022,38.7223,-9.1393,17.210289561750454,6.464192101390539,167.72598266601562,10245
Porto,Portugal,PT,2022,41.1579,-8.6291,8.632247917567527,3.750026552575618,118.53646850585938,10621
Athens,Greece,GR,2022,37.9838,23.7275,20.59033637120752,6.912281753521818,364.1394958496094,10152
Dublin,Ireland,IE,2022,53.3498,-6.2603,7.377949766626723,1.469998369130748,167.53689575195312,13398
Bucharest,Romania,RO,2022,44.4268,26.1025,9.280896003047046,2.459236683461736,215.7422790527344,11205
Sofia,Bulgaria,BG,2022,42.6977,23.3219,5.2956906866350835,1.2285340410389318,120.88935089111328,10885
Zagreb,Croatia,HR,2022,45.815,15.9819,7.10208875292544,2.2393007954712587,124.46263122558594,11476
Tallinn,Estonia,EE,2022,59.437,24.7536,6.221530827720763,1.4427293752389725,196.72442626953125,15717
Riga,Latvia,LV,2022,56.9496,24.1052,5.16391432720912,0.4255728666020092,257.0248107910156,14647
Madrid,Spain,ES,2023,40.4168,-3.7038,25.873110041236675,10.920312263212097,274.37823486328125,10514
Barcelona,Spain,ES,2023,41.3851,2.1734,18.359773874780824,4.893755810469897,266.1093444824219,10661
Paris,France,FR,2023,48.8566,2.3522,25.66723857228643,18.979346603775085,273.0472412109375,12147
Lyon,France,FR,2023,45.764,4.8357,7.6749185068696,2.240346997127149,120.05913543701172,11475
Berlin,Germany,DE,2023,52.52,13.405,8.351919821086646,4.486522178959375,132.10130310058594,13148
Hamburg,Germany,DE,2023,53.5511,9.9937,6.591630943392372,2.453334891825647,163.0972900390625,13453
Munich,Germany,DE,2023,48.1351,11.582,4.526219673662662,1.7232531721712916,70.11737823486328,11985
Rome,Italy,IT,2023,41.9028,12.4964,15.932194237456152,8.472189262763996,162.8042449951172,10755
Milan,Italy,IT,2023,45.4642,9.19,19.367793050532203,14.486549486947329,155.46453857421875,11411
Naples,Italy,IT,2023,40.8518,14.2681,16.0147000803964,7.475911335837606,132.88778686523438,10571
Amsterdam,Netherlands,NL,2023,52.3676,4.9041,9.225934494426737,2.837171204468265,326.4378967285156,13101
Rotterdam,Netherlands,NL,2023,51.9244,4.4777,27.45238716538832,5.382653496526336,3863.185791015625,12962
Brussels,Belgium,BE,2023,50.8503,4.3517,8.728294694962218,3.454898372470321,177.9210968017578,12665
Vienna,Austria,AT,2023,48.2082,16.3738,6.535372155041722,2.454095128127341,157.0953826904297,12011
Prague,Czech Republic,CZ,2023,50.0755,14.4378,7.468141264553444,2.4531572052127073,157.9724884033203,12460
Warsaw,Poland,PL,2023,52.2297,21.0122,12.584163192399489,6.482059677870053,175.24786376953125,13043
Budapest,Hungary,HU,2023,47.4979,19.0402,9.335410337204555,3.4863380844827043,154.66758728027344,11847
Copenhagen,Denmark,DK,2023,55.6761,12.5683,4.55711746768332,0.0214436534929403,207.42247009277344,14179
Stockholm,Sweden,SE,2023,59.3293,18.0686,12.942231662482248,5.698221020334863,588.8334350585938,15670
Oslo,Norway,NO,2023,59.9139,10.7522,11.043443389587177,2.9537442555191684,491.9817504882813,15931
Helsinki,Finland,FI,2023,60.1699,24.9384,13.125894951192844,2.4652720785036006,220.53611755371097,16060
Lisbon,Portugal,PT,2023,38.7223,-9.1393,18.053653502349512,6.488626882411326,173.6158905029297,10245
Porto,Portugal,PT,2023,41.1579,-8.6291,9.327890693416943,4.4674283746306225,135.5257568359375,10621
Athens,Greece,GR,2023,37.9838,23.7275,21.251336257471984,6.940562670698868,364.4725646972656,10152
Dublin,Ireland,IE,2023,53.3498,-6.2603,7.6564487628501405,1.5142967601966697,164.27194213867188,13398
Bucharest,Romania,RO,2023,44.4268,26.1025,9.334961262478169,2.4418364106495303,159.3227081298828,11205
Sofia,Bulgaria,BG,2023,42.6977,23.3219,5.538753865104109,1.2352988467516577,125.0094223022461,10885
Zagreb,Croatia,HR,2023,45.815,15.9819,7.268139802124367,2.4515177858010255,128.61903381347656,11476
Tallinn,Estonia,EE,2023,59.437,24.7536,4.393324466110867,0.0831251580650367,173.9999237060547,15717
Riga,Latvia,LV,2023,56.9496,24.1052,4.867509053989005,1.3843788935955963,1455.31640625,14647
Madrid,Spain,ES,2024,40.4168,-3.7038,26.264284702711333,10.971112866210936,277.9183654785156,10514
Barcelona,Spain,ES,2024,41.3851,2.1734,18.091870961867677,4.481748333402806,248.0417327880859,10661
Paris,France,FR,2024,48.8566,2.3522,22.59937263008235,17.48966811540791,244.45465087890625,12147
Lyon,France,FR,2024,45.764,4.8357,6.433478286394673,1.736579610160019,103.64234924316406,11475
Berlin,Germany,DE,2024,52.52,13.405,8.233656752722755,4.471172785039974,132.522705078125,13148
Hamburg,Germany,DE,2024,53.5511,9.9937,6.675265571564809,2.4520870637805596,176.3236541748047,13453
Munich,Germany,DE,2024,48.1351,11.582,4.489535838308274,1.7243888001525776,96.93370056152344,11985
Rome,Italy,IT,2024,41.9028,12.4964,16.430518017743005,9.451744646912076,168.6092071533203,10755
Milan,Italy,IT,2024,45.4642,9.19,19.22110569993814,14.494533312215635,164.5742950439453,11411
Naples,Italy,IT,2024,40.8518,14.2681,16.743097445162515,8.514795676910067,143.2879180908203,10571
Amsterdam,Netherlands,NL,2024,52.3676,4.9041,8.87472313901994,2.8378011357125357,404.1147766113281,13101
Rotterdam,Netherlands,NL,2024,51.9244,4.4777,27.995314159152,9.752612454115972,5083.095703125,12962
Brussels,Belgium,BE,2024,50.8503,4.3517,8.368431808653805,3.45030341629579,165.539306640625,12665
Vienna,Austria,AT,2024,48.2082,16.3738,6.395450113276286,2.448490613429016,159.33462524414062,12011
Prague,Czech Republic,CZ,2024,50.0755,14.4378,7.100500085028417,2.445752932620203,148.1719207763672,12460
Warsaw,Poland,PL,2024,52.2297,21.0122,12.145367278033264,6.484451256194965,165.71063232421875,13043
Budapest,Hungary,HU,2024,47.4979,19.0402,9.175593175948064,3.4770395258648996,151.6051483154297,11847
Copenhagen,Denmark,DK,2024,55.6761,12.5683,4.638503724406144,1.52142128545532,152.36085510253906,14179
Stockholm,Sweden,SE,2024,59.3293,18.0686,13.00370215492412,5.712855887800689,827.6270141601562,15670
Oslo,Norway,NO,2024,59.9139,10.7522,8.839380454792494,0.6997616521531606,538.3776245117188,15931
Helsinki,Finland,FI,2024,60.1699,24.9384,12.20473579984675,2.45345038961145,192.62893676757812,16060
Lisbon,Portugal,PT,2024,38.7223,-9.1393,17.562437099158846,6.478179876734955,182.1765899658203,10245
Porto,Portugal,PT,2024,41.1579,-8.6291,8.757815935956138,3.4856321650919218,144.8776092529297,10621
Athens,Greece,GR,2024,37.9838,23.7275,22.238428988734448,6.903046973072261,366.5320129394531,10152
Dublin,Ireland,IE,2024,53.3498,-6.2603,7.528867076129597,1.5144132738506522,177.99203491210938,13398
Bucharest,Romania,RO,2024,44.4268,26.1025,9.686779093399954,3.453551395083399,167.11822509765625,11205
Sofia,Bulgaria,BG,2024,42.6977,23.3219,5.973238035681542,1.4436082047982364,158.0152587890625,10885
Zagreb,Croatia,HR,2024,45.815,15.9819,7.13854422146681,2.4380972291153173,132.72650146484375,11476
Tallinn,Estonia,EE,2024,59.437,24.7536,4.2586926374266625,0.1091788101945733,173.12771606445312,15717
Riga,Latvia,LV,2024,56.9496,24.1052,4.810825513605624,0.895559372109987,840.858154296875,14647
